{"cameraMode":{"drawMode":0,"name":"Shaded","section":"Shading Mode"},"sceneLighting":false,"audioPlay":false,"sceneViewState":{"m_AlwaysRefresh":false,"showFog":true,"showSkybox":false,"showFlares":true,"showImageEffects":true,"showParticleSystems":true,"showVisualEffectGraphs":true,"m_FxEnabled":true},"in2DMode":false,"pivot":{"x":-0.19205322861671449,"y":1.942293643951416,"z":0.43608778715133669},"rotation":{"x":0.053234513849020007,"y":0.7888433933258057,"z":-0.6084429621696472,"w":0.0690494179725647},"size":0.31006020307540896,"orthographic":true}