{"cameraMode":{"drawMode":0,"name":"Shaded","section":"Shading Mode"},"sceneLighting":false,"audioPlay":false,"sceneViewState":{"m_AlwaysRefresh":false,"showFog":true,"showSkybox":false,"showFlares":true,"showImageEffects":true,"showParticleSystems":true,"showVisualEffectGraphs":true,"m_FxEnabled":true},"in2DMode":false,"pivot":{"x":-2.3964715003967287,"y":1.2770349979400635,"z":-0.07440069317817688},"rotation":{"x":-0.4710162878036499,"y":-0.38270679116249087,"z":0.2378498613834381,"w":-0.7584360837936401},"size":0.9522496461868286,"orthographic":false}