{"cameraMode":{"drawMode":0,"name":"Shaded","section":"Shading Mode"},"sceneLighting":false,"audioPlay":false,"sceneViewState":{"m_AlwaysRefresh":false,"showFog":true,"showSkybox":false,"showFlares":true,"showImageEffects":true,"showParticleSystems":true,"showVisualEffectGraphs":true,"m_FxEnabled":true},"in2DMode":false,"pivot":{"x":-0.019510533660650255,"y":-0.09441626071929932,"z":-0.030399251729249955},"rotation":{"x":-0.5546594262123108,"y":0.3990762233734131,"z":-0.34360629320144656,"w":-0.6442699432373047},"size":0.1634269654750824,"orthographic":false}