{"cameraMode":{"drawMode":0,"name":"Shaded","section":"Shading Mode"},"sceneLighting":true,"audioPlay":false,"sceneViewState":{"m_AlwaysRefresh":false,"showFog":true,"showSkybox":true,"showFlares":true,"showImageEffects":true,"showParticleSystems":true,"showVisualEffectGraphs":true,"m_FxEnabled":true},"in2DMode":false,"pivot":{"x":-0.7066528797149658,"y":1.9964604377746583,"z":-1.8620262145996094},"rotation":{"x":0.2553790807723999,"y":-0.3358234763145447,"z":0.09520073980093003,"w":0.9017812609672546},"size":1.886267900466919,"orthographic":true}