{"cameraMode":{"drawMode":0,"name":"Shaded","section":"Shading Mode"},"sceneLighting":false,"audioPlay":false,"sceneViewState":{"m_AlwaysRefresh":false,"showFog":true,"showSkybox":false,"showFlares":true,"showImageEffects":true,"showParticleSystems":true,"showVisualEffectGraphs":true,"m_FxEnabled":true},"in2DMode":false,"pivot":{"x":-0.02084127441048622,"y":0.2472463846206665,"z":0.26041847467422488},"rotation":{"x":0.05091128498315811,"y":0.9370332360267639,"z":0.3091610074043274,"w":-0.15429483354091645},"size":0.11991691589355469,"orthographic":false}