{"cameraMode":{"drawMode":0,"name":"Shaded","section":"Shading Mode"},"sceneLighting":false,"audioPlay":false,"sceneViewState":{"m_AlwaysRefresh":false,"showFog":true,"showSkybox":false,"showFlares":true,"showImageEffects":true,"showParticleSystems":true,"showVisualEffectGraphs":true,"m_FxEnabled":true},"in2DMode":false,"pivot":{"x":-0.029306352138519288,"y":0.5087108612060547,"z":-0.6503040790557861},"rotation":{"x":0.016861343756318094,"y":0.9491544365882874,"z":-0.31013092398643496,"w":0.05158905312418938},"size":1.0321778059005738,"orthographic":false}