{"cameraMode":{"drawMode":0,"name":"Shaded","section":"Shading Mode"},"sceneLighting":false,"audioPlay":false,"sceneViewState":{"m_AlwaysRefresh":false,"showFog":true,"showSkybox":false,"showFlares":true,"showImageEffects":true,"showParticleSystems":true,"showVisualEffectGraphs":true,"m_FxEnabled":true},"in2DMode":false,"pivot":{"x":4.431532859802246,"y":14.372745513916016,"z":0.03825778141617775},"rotation":{"x":0.41370993852615359,"y":-0.5764980316162109,"z":0.4234452545642853,"w":0.5632829070091248},"size":0.10311532020568848,"orthographic":true}