{"cameraMode":{"drawMode":0,"name":"Shaded","section":"Shading Mode"},"sceneLighting":false,"audioPlay":false,"sceneViewState":{"m_AlwaysRefresh":false,"showFog":true,"showSkybox":false,"showFlares":true,"showImageEffects":true,"showParticleSystems":true,"showVisualEffectGraphs":true,"m_FxEnabled":true},"in2DMode":false,"pivot":{"x":0.012840036302804947,"y":0.005735320970416069,"z":0.010439657606184483},"rotation":{"x":-0.003449363401159644,"y":0.9947561621665955,"z":-0.09579102694988251,"w":-0.03582717850804329},"size":0.04010147228837013,"orthographic":true}