{"cameraMode":{"drawMode":0,"name":"Shaded","section":"Shading Mode"},"sceneLighting":false,"audioPlay":false,"sceneViewState":{"m_AlwaysRefresh":false,"showFog":true,"showSkybox":false,"showFlares":true,"showImageEffects":true,"showParticleSystems":true,"showVisualEffectGraphs":true,"m_FxEnabled":true},"in2DMode":false,"pivot":{"x":-0.015077617950737477,"y":-1.1644951105117798,"z":0.08239854127168656},"rotation":{"x":0.4621467888355255,"y":-0.5359728336334229,"z":0.5285577774047852,"w":0.4688940942287445},"size":0.7172974348068237,"orthographic":false}