{"cameraMode":{"drawMode":0,"name":"Shaded","section":"Shading Mode"},"sceneLighting":false,"audioPlay":false,"sceneViewState":{"m_AlwaysRefresh":false,"showFog":true,"showSkybox":false,"showFlares":true,"showImageEffects":true,"showParticleSystems":true,"showVisualEffectGraphs":true,"m_FxEnabled":true},"in2DMode":false,"pivot":{"x":-10.089885711669922,"y":0.7678515911102295,"z":-0.28505516052246096},"rotation":{"x":0.196386456489563,"y":-0.5472609400749207,"z":0.13392601907253266,"w":0.8025094866752625},"size":14.531767845153809,"orthographic":true}