{"cameraMode":{"drawMode":0,"name":"Shaded","section":"Shading Mode"},"sceneLighting":true,"audioPlay":false,"sceneViewState":{"m_AlwaysRefresh":false,"showFog":true,"showSkybox":true,"showFlares":true,"showImageEffects":true,"showParticleSystems":true,"showVisualEffectGraphs":true,"m_FxEnabled":true},"in2DMode":false,"pivot":{"x":-1.1187353134155274,"y":1.7328803539276124,"z":-0.7413849234580994},"rotation":{"x":0.32651033997535708,"y":0.3366040587425232,"z":-0.12599393725395204,"w":0.8743364214897156},"size":1.1204063892364503,"orthographic":true}