{"cameraMode":{"drawMode":0,"name":"Shaded","section":"Shading Mode"},"sceneLighting":true,"audioPlay":false,"sceneViewState":{"m_AlwaysRefresh":false,"showFog":true,"showSkybox":true,"showFlares":true,"showImageEffects":true,"showParticleSystems":true,"showVisualEffectGraphs":true,"m_FxEnabled":true},"in2DMode":false,"pivot":{"x":-1.4471096992492676,"y":2.562778949737549,"z":-1.312364935874939},"rotation":{"x":0.13217344880104066,"y":-0.16277137398719788,"z":0.022013576701283456,"w":0.9775258898735046},"size":0.6148636341094971,"orthographic":true}