{"cameraMode":{"drawMode":0,"name":"Shaded","section":"Shading Mode"},"sceneLighting":false,"audioPlay":false,"sceneViewState":{"m_AlwaysRefresh":false,"showFog":true,"showSkybox":false,"showFlares":true,"showImageEffects":true,"showParticleSystems":true,"showVisualEffectGraphs":true,"m_FxEnabled":true},"in2DMode":false,"pivot":{"x":0.07512795925140381,"y":-0.665879487991333,"z":0.6638899445533752},"rotation":{"x":0.37601497769355776,"y":-0.005559789482504129,"z":0.002256068168208003,"w":0.9265917539596558},"size":0.8260017037391663,"orthographic":false}